,title_book,author_book,year_book,title_film,year_film
1,The 25th Hour,David Benioff,2001,25th Hour,2002
2,3 Assassins,Kōtarō Isaka,2004,Grasshopper,2015
3,4.50 from Paddington,Agatha Christie,1957,"Murder, She Said",1961
4,4.50 from Paddington,Agatha Christie,1957,Crime Is Our Business,2008
5,58 Minutes,Walter Wager,1987,Die Hard 2,1990
6,69,Ryu Murakami,1987,69,2004
8,The A.B.C. Murders,Agatha Christie,1936,The Alphabet Murders,1966
9,À ton image,Louise L. Lambrichs,1998,À ton image,2004
10,About a Boy,Nick Hornby,1998,About a Boy,2002
11,About Schmidt,Louis Begley,1996,About Schmidt,2002
12,Absolute Power,David Baldacci,1996,Absolute Power,1997
13,The Accidental Tourist,Anne Tyler,1985,The Accidental Tourist,1988
14,Across 110th, Wally Ferris,1970,Across 110th Street,1972
15,Adam Resurrected,Yoram Kaniuk,1969,Adam Resurrected,2009
16,Adams Fall, Sean Desmond,2000,Abandon,2002
17,Addie Pray,Joe David Brown,1971,Paper Moon,1973
18,Adiliya by the River, Jin Renshun,1999,Green Tea,2003
19,Adolphe,Benjamin Constant,1816,Adolphe,2002
20,Adventure,Jack London,1911,Adventure,1925
21,The Adventurers,Harold Robbins,1966,The Adventurers,1970
22,The Adventures of Captain Alatriste,Arturo Pérez-Reverte,,Alatriste,2006
23,The Adventures of Captain Hatteras,Jules Verne,1866,The Conquest of the Pole,1912
24,The Adventures of Hajji Baba of Ispahan,James Justinian Morier,1824,The Adventures of Hajji Baba,1954
25,Adventures of Huckleberry Finn,Mark Twain,1884,Huckleberry Finn,1920
26,Adventures of Huckleberry Finn,Mark Twain,1884,Huckleberry Finn,1931
27,Adventures of Huckleberry Finn,Mark Twain,1884,Huck Finn,1937
28,Adventures of Huckleberry Finn,Mark Twain,1884,The Adventures of Huckleberry Finn,1939
29,Adventures of Huckleberry Finn,Mark Twain,1884,The Adventures of Huckleberry Finn,1955
30,Adventures of Huckleberry Finn,Mark Twain,1884,The Adventures of Huckleberry Finn,1960
31,Adventures of Huckleberry Finn,Mark Twain,1884,Huckleberry Finn,1974
32,Adventures of Huckleberry Finn,Mark Twain,1884,Hopelessly Lost,1972
33,Adventures of Huckleberry Finn,Mark Twain,1884,Huckleberry Finn,1975
34,Adventures of Huckleberry Finn,Mark Twain,1884,The Adventures of Huckleberry Finn,1981
35,Adventures of Huckleberry Finn,Mark Twain,1884,Adventures of Huckleberry Finn,1985
36,Adventures of Huckleberry Finn,Mark Twain,1884,The Adventures of Huck Finn,1993
37,Adventures of Huckleberry Finn,Mark Twain,1884,Tom and Huck,1995
38,The Adventures of Pinocchio,Carlo Collodi,1883,The Adventures of Pinocchio,1911
39,The Adventures of Pinocchio,Carlo Collodi,1883,The Adventures of Pinocchio,1936
40,The Adventures of Pinocchio,Carlo Collodi,1883,Pinocchio,1940
41,The Adventures of Pinocchio,Carlo Collodi,1883,The Adventures of Pinocchio,1947
42,The Adventures of Pinocchio,Carlo Collodi,1883,Pinocchio,1957
43,The Adventures of Pinocchio,Carlo Collodi,1883,Pinocchio in Outer Space,1965
44,The Adventures of Pinocchio,Carlo Collodi,1883,Pinocchio,1967
45,The Adventures of Pinocchio,Carlo Collodi,1883,Pinocchio,1968
46,The Adventures of Pinocchio,Carlo Collodi,1883,The Adventures of Pinocchio,1972
47,The Adventures of Pinocchio,Carlo Collodi,1883,Pinocchio,1976
48,The Adventures of Pinocchio,Carlo Collodi,1883,Pinocchio's Christmas,1980
49,The Adventures of Pinocchio,Carlo Collodi,1883,The Adventures of Pinocchio,1984
50,The Adventures of Pinocchio,Carlo Collodi,1883,Pinocchio and the Emperor of the Night,1987
51,The Adventures of Pinocchio,Carlo Collodi,1883,Pinocchio,1993
52,The Adventures of Pinocchio,Carlo Collodi,1883,The Adventures of Pinocchio,1996
53,The Adventures of Pinocchio,Carlo Collodi,1883,The New Adventures of Pinocchio,1999
54,The Adventures of Pinocchio,Carlo Collodi,1883,"Pinocchio, ovvero lo spettacolo della Provvidenza",1999
55,The Adventures of Pinocchio,Carlo Collodi,1883,Geppetto,2000
56,The Adventures of Pinocchio,Carlo Collodi,1883,Pinocchio,2002
57,The Adventures of Pinocchio,Carlo Collodi,1883,Pinocchio 3000,2004
58,The Adventures of Pinocchio,Carlo Collodi,1883,Welcome Back Pinocchio,2007
59,The Adventures of Pinocchio,Carlo Collodi,1883,Pinocchio,2008
60,The Adventures of Pinocchio,Carlo Collodi,1883,Pistachio – The Little Boy That Woodn't,2010
61,The Adventures of Pinocchio,Carlo Collodi,1883,Pinocchio,2012
62,The Adventures of Pinocchio,Carlo Collodi,1883,Pinocchio,2019
63,The Adventures of Pinocchio,Carlo Collodi,1883,Pinocchio: A True Story,2022
64,The Adventures of Pinocchio,Carlo Collodi,1883,Pinocchio,2022
65,The Adventures of Pinocchio,Carlo Collodi,1883,Guillermo del Toro's Pinocchio,2022
66,The Adventures of Sherlock Holmes,Arthur Conan Doyle,,Sherlock Holmes,1916
67,The Adventures of Sherlock Holmes,Arthur Conan Doyle,,Sherlock Holmes,1922
68,The Adventures of Sherlock Holmes,Arthur Conan Doyle,,The Speckled Band,1931
69,The Adventures of Sherlock Holmes,Arthur Conan Doyle,,The Adventures of Sherlock Holmes,1939
70,The Adventures of Sherlock Holmes,Arthur Conan Doyle,,The House of Fear,1945
71,The Adventures of Sherlock Holmes,Arthur Conan Doyle,,The Blue Carbuncle,1980
72,The Adventures of Tom Sawyer,Mark Twain,1876,Tom Sawyer,1917
73,The Adventures of Tom Sawyer,Mark Twain,1876,Huck and Tom,1918
74,The Adventures of Tom Sawyer,Mark Twain,1876,Tom Sawyer,1930
75,The Adventures of Tom Sawyer,Mark Twain,1876,Tom Sawyer,1936
76,The Adventures of Tom Sawyer,Mark Twain,1876,The Adventures of Tom Sawyer,1938
77,The Adventures of Tom Sawyer,Mark Twain,1876,"Tom Sawyer, Detective",1938
78,The Adventures of Tom Sawyer,Mark Twain,1876,The Adventures of Mark Twain,1944
79,The Adventures of Tom Sawyer,Mark Twain,1876,Tom Sawyer,1973
80,The Adventures of Tom Sawyer,Mark Twain,1876,Tom Sawyer,1973
81,The Adventures of Tom Sawyer,Mark Twain,1876,Páni kluci,1976
82,The Adventures of Tom Sawyer,Mark Twain,1876,Rascals and Robbers: The Secret Adventures of Tom Sawyer and Huckleberry Finn,1982
83,The Adventures of Tom Sawyer,Mark Twain,1876,Tom Sawyer,1984
84,The Adventures of Tom Sawyer,Mark Twain,1876,The Adventures of Mark Twain,1986
85,The Adventures of Tom Sawyer,Mark Twain,1876,Back to Hannibal: The Return of Tom Sawyer and Huckleberry Finn,1990
86,The Adventures of Tom Sawyer,Mark Twain,1876,Tom and Huck,1995
87,The Adventures of Tom Sawyer,Mark Twain,1876,The Animated Adventures of Tom Sawyer,1998
88,The Adventures of Tom Sawyer,Mark Twain,1876,The Modern Adventures of Tom Sawyer,1998
89,The Adventures of Tom Sawyer,Mark Twain,1876,Tom Sawyer,2000
90,The Adventures of Tom Sawyer,Mark Twain,1876,Tom Sawyer & Huckleberry Finn,2014
91,The Adventures of Tom Sawyer,Mark Twain,1876,Band of Robbers,2015
92,Advise and Consent,Allen Drury,1959,Advise & Consent,1962
93,Aelita,Alexei Tolstoy,1923,Aelita,1924
94,The African Queen,C. S. Forester,1935,The African Queen,1951
95,After,Anna Todd,2017,After,2019
96,"After Dark, My Sweet",Jim Thompson,1955,"After Dark, My Sweet",1990
97,After Hours,Edwin Torres,1979,Carlito's Way,1993
98,After the Funeral,Agatha Christie,1953,Murder at the Gallop,1963
99,The Age of Innocence,Edith Wharton,1921,The Age of Innocence,1924
100,The Age of Innocence,Edith Wharton,1921,The Age of Innocence,1928
101,The Age of Innocence,Edith Wharton,1921,The Age of Innocence,1934
102,The Age of Innocence,Edith Wharton,1921,The Age of Innocence,1993
103,The Agony and the Ecstasy,Irving Stone,1961,The Agony and the Ecstasy,1965
104,Aimez-vous Brahms?,Françoise Sagan,1959,Goodbye Again,1961
105,Aimez-vous Brahms?,Françoise Sagan,1959,Jahan Tum Le Chalo,1999
106,Airborn,Kenneth Oppel,2004,Airborn,2012
107,Airport,Arthur Hailey,1968,Airport,1970
108,Airport,Arthur Hailey,1968,Airport 1975,1975
109,Airport,Arthur Hailey,1968,Airport '77,1977
110,Airport,Arthur Hailey,1968,The Concorde ... Airport '79,1979
111,Alice Adams,Booth Tarkington,1921,Alice Adams,1923
112,Alice Adams,Booth Tarkington,1921,Alice Adams,1935
113,Allan Quatermain, Sir H. Rider Haggard,1887,Allan Quatermain and the Lost City of Gold,1987
114,All Fall Down,James Leo Herlihy,1960,All Fall Down,1962
115,All Men Are Mortal,Simone de Beauvoir,1946,All Men Are Mortal,1995
116,All the Brothers Were Valiant,Ben Ames Williams,1919,All the Brothers Were Valiant,1923
117,All the Brothers Were Valiant,Ben Ames Williams,1919,Across to Singapore,1928
118,All the Brothers Were Valiant,Ben Ames Williams,1919,All the Brothers Were Valiant,1953
119,All the King's Men,Robert Penn Warren,1946,All the King's Men,1949
120,All the King's Men,Robert Penn Warren,1946,All the King's Men,2006
121,All Quiet on the Western Front,Erich Maria Remarque,1929,All Quiet on the Western Front,1930
122,All Quiet on the Western Front,Erich Maria Remarque,1929,The Road Back,1937
123,All Quiet on the Western Front,Erich Maria Remarque,1929,All Quiet on the Western Front,1979
124,All Quiet on the Western Front,Erich Maria Remarque,1929,All Quiet on the Western Front,2022
125,All She Was Worth,Miyuki Miyabe,1992,Kasha: Kâdo hasan no onna!,1994
126,All She Was Worth,Miyuki Miyabe,1992,Helpless,2012
127,All the Pretty Horses,Cormac McCarthy,1992,All the Pretty Horses,2000
128,All the Way, Andy Behrens,2001,Sex Drive,2008
129,All You Need Is Kill,Hiroshi Sakurazaka,2009,Edge of Tomorrow,2014
130,Almayer's Folly,Joseph Conrad,1895,Hanyut,2011
131,Almayer's Folly,Joseph Conrad,1895,Almayer's Folly,2011
132,Almost Transparent Blue,Ryū Murakami,1976,Almost Transparent Blue,1979
133,Along Came a Spider,James Patterson,1993,Along Came a Spider,2001
134,Altered States,Paddy Chayefsky,1978,Altered States,1980
135,Always Another Dawn,Zelma Roberts,1948,Always Another Dawn,1948
136,"Always Outnumbered, Always Outgunned",Walter Mosley,1987,Always Outnumbered,1998
137,The Alzheimer Case,Jef Geeraerts,2000,The Alzheimer Case,2003
138,The Alzheimer Case,Jef Geeraerts,2000,Memory,2022
139,The Amateur,Mauricio Dayub,1990,The Amateur,1999
140,An American Dream,Norman Mailer,1965,An American Dream,1966
141,American Knees,Shawn Wong,1995,Americanese,2006
142,American Psycho,Bret Easton Ellis,1991,American Psycho,2000
143,American Psycho,Bret Easton Ellis,1991,American Psycho 2: All-American Girl,2002
144,American Splendor,Harvey Pekar,,American Splendor,2003
145,An American Tragedy,Theodore Dreiser,1925,A Place in the Sun,1951
146,The Americanization of Emily,William Bradford Huie,1959,The Americanization of Emily,1964
147,Amerika,Franz Kafka,1927,Klassenverhältnisse,1984
148,Amerika,Franz Kafka,1927,Intervista,1987
149,Amerika,Franz Kafka,1927,Amerika,1994
150,Les amitiés particulières,Roger Peyrefitte,1943,Les amitiés particulières,1964
151,The Amityville Horror,Jay Anson,1977,The Amityville Horror,1979
152,The Amityville Horror,Jay Anson,1977,The Amityville Horror,2005
153,Amos Judd,John Ames Mitchell,1895,The Young Rajah,1922
154,Amu,Shonali Bose,2005,Amu,2005
155,Anatomy of a Murder,John D. Voelker[N 5],1958,Anatomy of a Murder,1959
156,An Ancient Tale: A Novel in Polish History,Józef Ignacy Kraszewski,1876,An Ancient Tale: When the Sun Was a God,2003
157,And Now Tomorrow,Rachel Field,1942,And Now Tomorrow,1944
158,And Then There Were None,Agatha Christie,1939,And Then There Were None,1945
159,And Then There Were None,Agatha Christie,1939,Ten Little Indians,1959
160,And Then There Were None,Agatha Christie,1939,Gumnaam,1965
161,And Then There Were None,Agatha Christie,1939,Ten Little Indians,1965
162,And Then There Were None,Agatha Christie,1939,Zehn kleine Negerlein,1969
163,And Then There Were None,Agatha Christie,1939,And Then There Were None,1974
164,And Then There Were None,Agatha Christie,1939,Desyat Negrityat,1987
165,And Then There Were None,Agatha Christie,1939,Ten Little Indians,1989
166,And Then There Were None,Agatha Christie,1939,Identity,2003
167,The Anderson Tapes,Lawrence Sanders,1969,The Anderson Tapes,1971
168,Andromeda: A Space-Age Tale,Ivan Yefremov,1957,The Andromeda Nebula,1967
169,The Andromeda Strain,Michael Crichton,1969,The Andromeda Strain,1971
170,Angel,Elizabeth Taylor,1957,Angel,2007
171,Angel Square,Brian Doyle,1987,Angel Square,1990
172,Angélique,Anne GolonandSerge Golon,,"Angélique, Marquise des Anges",1964
173,Angélique,Anne GolonandSerge Golon,,Marvelous Angelique,1965
174,Angélique,Anne GolonandSerge Golon,,Angelique and the King,1966
175,Angélique,Anne GolonandSerge Golon,,Untamable Angelique,1967
176,Angélique,Anne GolonandSerge Golon,,Angelique and the Sultan,1968
177,Angels & Demons,Dan Brown,2000,Angels & Demons,2009
178,Anglo-Saxon Attitudes,Angus Wilson,1956,Anglo-Saxon Attitudes,1992
179,The Angry Hills,Leon Uris,1955,The Angry Hills,1959
180,Anime Supremacy!,Mizuki Tsujimura,2014,Anime Supremacy!,2022
181,Anna and the King of Siam,Margaret Landon,1944,Anna and the King of Siam,1946
182,Anna and the King of Siam,Margaret Landon,1944,The King and I,1956
183,Anna and the King of Siam,Margaret Landon,1944,The King and I,1999
184,Anna and the King of Siam,Margaret Landon,1944,Anna and the King,1999
185,Anna Karenina,Leo Tolstoy,,Anna Karenina,1914
186,Anna Karenina,Leo Tolstoy,,Anna Karenina,1915
187,Anna Karenina,Leo Tolstoy,,Love,1927
188,Anna Karenina,Leo Tolstoy,,Anna Karenina,1935
189,Anna Karenina,Leo Tolstoy,,Anna Karenina,1948
190,Anna Karenina,Leo Tolstoy,,The River of Love,1960
191,Anna Karenina,Leo Tolstoy,,Anna Karenina,1967
192,Anna Karenina,Leo Tolstoy,,Anna Karenina,1974
193,Anna Karenina,Leo Tolstoy,,Anna Karenina,1985
194,Anna Karenina,Leo Tolstoy,,Anna Karenina,1997
195,Anna Karenina,Leo Tolstoy,,Anna Karenina,2005
196,Anna Karenina,Leo Tolstoy,,Anna Karenina,2012
197,Anna to the Infinite Power,Mildred Ames,1979,Anna to the Infinite Power,1983
198,Anne of Avonlea,Lucy Maud Montgomery,1909,same as below,
199,Anne of Green Gables,Lucy Maud Montgomery,1908,Anne of Green Gables,1919
200,Anne of Green Gables,Lucy Maud Montgomery,1908,Anne of Green Gables,1934
201,Anne of Green Gables,Lucy Maud Montgomery,1908,Anne of Windy Poplars,1940
202,Anne of Green Gables,Lucy Maud Montgomery,1908,Anne of Green Gables,1956
203,Anne of Green Gables,Lucy Maud Montgomery,1908,Anne of Green Gables,1985
204,Anne of Green Gables,Lucy Maud Montgomery,1908,Anne of Avonlea,1987
205,Anne of Green Gables,Lucy Maud Montgomery,1908,Anne of Green Gables: The Continuing Story,2000
206,Anne of Green Gables,Lucy Maud Montgomery,1908,Anne of Green Gables: A New Beginning,2009
207,Anne of Windy Poplars,Lucy Maud Montgomery,1936,same as above,
208,Annihilation,Jeff VanderMeer,2014,Annihilation,2018
209,The Anointed,Clyde Brion Davis,1937,Adventure,1945
210,Another,Yukito Ayatsuji,2009,Another,2012
211,Anthony Adverse,Hervey Allen,1933,Anthony Adverse,1936
212,Antikiller,Daniil Koretsky,1999,Antikiller,2002
213,Antonieta,Andrés Henestrosa,1978,Antonieta,1982
214,Apache Rising,Marvin H. Albert,1957,Duel at Diablo,1966
215,The Apocalypse Watch,Robert Ludlum,1995,The Apocalypse Watch,1997
216,The Apple Dumpling Gang,Jack Bickham,1971,The Apple Dumpling Gang,1975
217,The Apple Dumpling Gang,Jack Bickham,1971,The Apple Dumpling Gang Rides Again,1979
218,The Apple Dumpling Gang,Jack Bickham,1971,Tales from the Apple Dumpling Gang,1982
219,Appointment with Death,Agatha Christie,1938,Appointment with Death,1988
220,Appointment with Venus,Jerrard Tickell,1951,Appointment with Venus,1951
221,The Apprenticeship of Duddy Kravitz,Mordecai Richler,1959,The Apprenticeship of Duddy Kravitz,1974
222,The Army of Shadows,Joseph Kessel,1943,Army of Shadows,1969
223,Around the World in Eighty Days,Jules Verne,1873,Die Jagd nach der Hundertpfundnote oder Die Reise um die Welt,1913
224,Around the World in Eighty Days,Jules Verne,1873,'Round the World in 80 Days,1914
225,Around the World in Eighty Days,Jules Verne,1873,Around the World in Eighty Days,1919
226,Around the World in Eighty Days,Jules Verne,1873,Around the World in 80 Days,1956
227,Around the World in Eighty Days,Jules Verne,1873,The Three Stooges Go Around the World in a Daze,1963
228,Around the World in Eighty Days,Jules Verne,1873,Around the World in Eighty Days,
229,Around the World in Eighty Days,Jules Verne,1873,Around the World in Eighty Days,
230,Around the World in Eighty Days,Jules Verne,1873,Around the World in 80 Ways,1988
231,Around the World in Eighty Days,Jules Verne,1873,Around the World in 80 Days,1988
232,Around the World in Eighty Days,Jules Verne,1873,Around the World in 80 Days,1998
233,Around the World in Eighty Days,Jules Verne,1873,Tweety's High-Flying Adventure,2000
234,Around the World in Eighty Days,Jules Verne,1873,Globehunters: An Around the World in 80 Days Adventure,2002
235,Around the World in Eighty Days,Jules Verne,1873,Around the World in 80 Days,2004
236,Around the World in Eighty Days,Jules Verne,1873,Around the World in 80 Days,2021
237,Arouse and Beware,MacKinlay Kantor,1936,The Man from Dakota,1940
238,Arrowsmith,Sinclair Lewis,1925,Arrowsmith,1931
239,Ashes and Diamonds,Jerzy Andrzejewski,1948,Ashes and Diamonds,1958
240,Ask the Dust,John Fante,1939,Ask the Dust,2006
241,Asking for Trouble,Elizabeth Young,2001,The Wedding Date,2005
242,The Asphalt Jungle,W. R. Burnett,1949,The Asphalt Jungle,1950
243,The Asphalt Jungle,W. R. Burnett,1949,The Badlanders,1959
244,"The Assassination Bureau, Ltd",Jack London,1963,The Assassination Bureau,1969
245,The Assassination of Jesse James by the Coward Robert Ford,Ron Hansen,1983,The Assassination of Jesse James by the Coward Robert Ford,2007
246,The Assault,Harry Mulisch,1982,The Assault,1986
247,L'Assommoir,Émile Zola,1877,Gervaise,1956
248,The Astronauts,Stanisław Lem,1951,First Spaceship on Venus,1960
249,Asylum,Patrick McGrath,1996,Asylum,2005
250,At Play in the Fields of the Lord,Peter Matthiessen,1965,At Play in the Fields of the Lord,1991
251,At the Earth's Core,Edgar Rice Burroughs,,At the Earth's Core,1976
252,At the Étoile du Nord,Georges Simenon,1854,L'Etoile du Nord,1982
253,Atlantis,Gerhart Hauptmann,1912,Atlantis,1913
254,Atomised,Michel Houellebecq,1998,The Elementary Particles,2006
255,Atomised,Michel Houellebecq,1998,The Elementary Particles,2021
256,Atonement,Ian McEwan,2001,Atonement,2007
257,Audrey Rose,Frank De Felitta,1975,Audrey Rose,1977
258,The Auction Block,Rex Beach,1914,The Auction Block,1917
259,The Auction Block,Rex Beach,1914,The Auction Block,1926
260,Audition,Ryu Murakami,1997,Audition,1999
261,Auntie Mame,Patrick Dennis,1955,Auntie Mame,1958
262,Avalon High,Meg Cabot,2005,Avalon High,2010
263,The Aviator,Ernest K. Gann,1981,The Aviator,1985
264,Away All Boats, Kenneth M. Dodson,1953,Away All Boats,1956
265,An Awfully Big Adventure,Beryl Bainbridge,1989,An Awfully Big Adventure,1995
266,The Ax,Donald E. Westlake,1997,The Axe,2005
268,Baby Love, Tina Chad Christian,1968,Baby Love,1968
269,Babylon Babies,Maurice Georges Dantec,1999,Babylon A.D.,2008
270,Back Street,Fannie Hurst,1931,Back Street,1932
271,Back Street,Fannie Hurst,1931,Back Street,1941
272,Back Street,Fannie Hurst,1931,Back Street,1961
273,Back When We Were Grownups,Anne Tyler,2001,Back When We Were Grownups,2004
274,Background to Danger,Eric Ambler,1937,Background to Danger,1943
275,Bad Girl,Viña Delmar,1928,Bad Girl,1931
276,The Bad Seed,William March,1954,The Bad Seed,1956
277,The Bad Seed,William March,1954,The Bad Seed,1985
278,The Bad Seed,William March,1954,The Bad Seed,2018
279,Baise-moi,Virginie Despentes,1993,Baise-moi,2000
280,The Bait,Dorothy Uhnak,1968,The Bait,1973
281,The Ballad of Cat Ballou, Roy Chanslor,1956,Cat Ballou,1965
282,The Ballad of the Flim-Flam Man,Guy Owen,1965,The Flim-Flam Man,1967
283,The Ballad of the Flim-Flam Man,Guy Owen,1965,The Flim-Flam Man,1969
284,The Ballad of the Running Man, Shelley Smith,1961,The Running Man,1963
285,Balzac and the Little Chinese Seamstress,Dai Sijie,2000,Balzac and the Little Chinese Seamstress,2002
286,Band of Angels,Robert Penn Warren,1955,Band of Angels,1957
287,The Bandits of Bombay,Satyajit Ray,1976,Bombaiyer Bombete,2003
288,Bank Shot,Donald E. Westlake,1972,Bank Shot,1974
289,Banner in the Sky,James Ramsey Ullman,1900,Third Man on the Mountain,1959
290,The Barefoot Mailman,Theodore Pratt,1943,The Barefoot Mailman,1951
291,Basil of Baker Street,Eve Titus,1958,The Great Mouse Detective,1986
292,Bastard Out of Carolina,Dorothy Allison,1992,Bastard Out of Carolina,1996
293,Battle Cry,Leon Uris,1953,Battle Cry,1955
294,The Battle of the Villa Fiorita,Rumer Godden,1963,The Battle of the Villa Fiorita,1965
295,Battle Royale,Koushun Takami,1999,Battle Royale,2000
296,Battle Royale,Koushun Takami,1999,Battle Royale II: Requiem,2003
297,Battlefield Earth,L. Ron Hubbard,1982,Battlefield Earth,2000
298,Be Cool,Elmore Leonard,1999,Be Cool,2005
299,Be Ready with Bells and Drums,Elizabeth Kata,1961,A Patch of Blue,1965
300,"Be Still, My Love", June Truesdell,1947,The Accused,1949
301,The Beach,Alex Garland,1996,The Beach,2000
302,Beaches,Iris Rainer Dart,1985,Beaches,1988
303,The Beardless Warriors,Richard Matheson,1960,The Young Warriors,1967
304,Beast,Peter Benchley,1991,The Beast,1996
305,The Beast in Man,Émile Zola,1890,Die Bestie im Menschen,1921
306,The Beast in Man,Émile Zola,1890,La Bête Humaine,1938
307,The Beast in Man,Émile Zola,1890,Human Desire,1954
308,The Beast in Man,Émile Zola,1890,La Bestia humana,1954
309,The Beast in Man,Émile Zola,1890,Cruel Train,1995
310,The Beast in the Heart,Cristina Comencini,2003,Don't Tell,2005
311,The Beast Master,Andre Norton,1959,The Beastmaster,1982
312,The Beast Master,Andre Norton,1959,Beastmaster 2: Through the Portal of Time,1991
313,The Beast Master,Andre Norton,1959,Beastmaster III: The Eye of Braxus,1996
314,The Beast Must Die,Cecil Day-Lewis[N 6],1938,The Beast Must Die,1952
315,The Beast Must Die,Cecil Day-Lewis[N 6],1938,This Man Must Die,1969
316,The Beast Within,Edward Levy,1981,The Beast Within,1982
317,Beat the Devil,Claud Cockburn[N 7],1951,Beat the Devil,1953
318,Beau Brocade,Baroness Emmuska Orczy,1907,Beau Brocade,1916
319,Beau Geste,P. C. Wren,1924,Beau Geste,1926
320,Beau Geste,P. C. Wren,1924,Beau Sabreur,1928
321,Beau Geste,P. C. Wren,1924,Beau Ideal,1931
322,Beau Geste,P. C. Wren,1924,Beau Geste,1939
323,Beau Geste,P. C. Wren,1924,Beau Geste,1966
324,Beau Geste,P. C. Wren,1924,The Last Remake of Beau Geste,1977
325,Beau Ideal,P. C. Wren,1927,same as above,
326,Beau Ideal,P. C. Wren,1927,Beau Sabreur,1926
327,Beautiful Creatures, Kami Garcia and Margaret Stohl,2009,Beautiful Creatures,2013
328,Bedelia,Vera Caspary,1945,Bedelia,1946
329,Bee Season,Myla Goldberg,2000,Bee Season,2005
330,Beer and Blood: The Story of a Couple o' Wrong Guys,John BrightandKubec Glasmon,1930,The Public Enemy,1931
331,Before the Fact,Anthony Berkeley Cox[N 8],1932,Suspicion,1941
332,The Beginning and the End,Naguib Mahfouz,1960,Bidaya wa Nihaya,1960
333,Behind That Curtain,Earl Derr Biggers,1928,Behind That Curtain,1929
334,Being There,Jerzy Kosinski,1971,Being There,1979
335,Bel-Ami,Guy de Maupassant,1885,Bel Ami,1939
336,Bel-Ami,Guy de Maupassant,1885,The Private Affairs of Bel Ami,1947
337,Bel-Ami,Guy de Maupassant,1885,Bel Ami,2005
338,Bel-Ami,Guy de Maupassant,1885,Bel Ami,2012
339,Belle de Jour,Joseph Kessel,1928,Belle de Jour,1967
340,Belli Moda,Anasuya Shankar[N 9],1961,Belli Moda,1967
341,Belli Moda,Anasuya Shankar[N 9],1961,Swapnabhoomi,1967
342,Bellman and True, Desmond Lowden,1975,Bellman and True,1987
343,Beloved,Toni Morrison,1987,Beloved,1998
344,Belphégor,Arthur Bernède,1927,Belphégor - Le fantôme du Louvre,2001
345,Ben-Hur: A Tale of the Christ,Lew Wallace,1880,Ben-Hur,1925
346,Ben-Hur: A Tale of the Christ,Lew Wallace,1880,Ben-Hur,1959
347,Ben-Hur: A Tale of the Christ,Lew Wallace,1880,Ben Hur,2003
348,Ben-Hur: A Tale of the Christ,Lew Wallace,1880,Ben-Hur,2016
349,Benjamin Blake,Edison Marshall,1941,Son of Fury: The Story of Benjamin Blake,1942
350,Benjamin Blake,Edison Marshall,1941,Treasure of the Golden Condor,1953
351,Beowulf,unknown,,Beowulf,1999
352,Beowulf,unknown,,Beowulf & Grendel,2005
353,Beowulf,unknown,,Beowulf,2007
354,Berlin Alexanderplatz,Alfred Döblin,1929,Berlin — Alexanderplatz,1931
355,Berlin Alexanderplatz,Alfred Döblin,1929,Berlin Alexanderplatz,2020
356,The Betsy,Harold Robbins,1971,The Betsy,1978
357,Beyond the Forest: The Story of a Man and Woman Destroyed by Love, Stuart D. Engstrand,1948,Beyond the Forest,1949
358,Beyond This Place,A. J. Cronin,1953,Sabar Uparey,1955
359,Beyond This Place,A. J. Cronin,1953,Kala Pani,1958
360,Beyond This Place,A. J. Cronin,1953,Beyond This Place,1959
361,Beyond This Place,A. J. Cronin,1953,Poola Rangadu,1967
362,Beyond This Place,A. J. Cronin,1953,En Annan,1970
363,The BFG,Roald Dahl,1982,The BFG,1989
364,The BFG,Roald Dahl,1982,The BFG,2016
365,Bhowani Junction,John Masters,1954,Bhowani Junction,1956
366,Bid Time Return,Richard Matheson,1975,Somewhere in Time,1980
367,The Bilingual Lover,Juan Marsé,1990,The Bilingual Lover,1993
368,The Big Bounce,Elmore Leonard,,The Big Bounce,1969
369,The Big Bounce,Elmore Leonard,,The Big Bounce,2004
370,The Big Clock,Kenneth Fearing,1946,The Big Clock,1948
371,The Big Clock,Kenneth Fearing,1946,No Way Out,1987
372,Big Fish: A Novel of Mythic Proportions,Daniel Wallace,1998,Big Fish,2003
373,The Big Fisherman,Lloyd C. Douglas,1948,The Big Fisherman,1959
374,The Big Heat,William P. McGivern,1952,The Big Heat,1953
375,Big Red,Jim Kjelgaard,1945,Big Red,1962
376,The Big Sleep,Raymond Chandler,1939,The Big Sleep,1946
377,The Big Sleep,Raymond Chandler,1939,The Big Sleep,1978
378,Big Trouble,Dave Barry,1999,Big Trouble,2002
379,Biggles,W. E. Johns,,Biggles: Adventures in Time,1986
380,Billion-Dollar Brain,Len Deighton,1966,Billion Dollar Brain,1967
381,Billy Bathgate,E. L. Doctorow,1989,Billy Bathgate,1991
382,Billy Liar,Keith Waterhouse,1969,Billy Liar,1963
383,Birdy,William Wharton,1978,Birdy,1984
384,The Bishop's Wife,Robert Nathan,1928,The Bishop's Wife,1947
385,The Bishop's Wife,Robert Nathan,1928,The Preacher's Wife,1996
386,The Bitch,Jackie Collins,1979,The Bitch,1979
387,Bitter Moon,Pascal Bruckner,1981,Bitter Moon,1992
388,The Bitter Tea of General Yen,Grace Zaring Stone,1932,The Bitter Tea of General Yen,1933
389,Black Alibi,Cornell Woolrich,1942,The Leopard Man,1943
390,The Black Angel,Cornell Woolrich,1943,Black Angel,1946
391,The Black Arrow: A Tale of the Two Roses,Robert Louis Stevenson,1888,The Black Arrow,1911
392,The Black Arrow: A Tale of the Two Roses,Robert Louis Stevenson,1888,The Black Arrow,1943
393,The Black Arrow: A Tale of the Two Roses,Robert Louis Stevenson,1888,Black Arrow,1985
394,The Black Arrow: A Tale of the Two Roses,Robert Louis Stevenson,1888,The Black Arrow,1987
395,The Black Arrow: A Tale of the Two Roses,Robert Louis Stevenson,1888,The Black Arrow,1988
396,Black Beauty,Anna Sewell,1877,Your Obedient Servant,1917
397,Black Beauty,Anna Sewell,1877,Black Beauty,1921
398,Black Beauty,Anna Sewell,1877,Black Beauty,1933
399,Black Beauty,Anna Sewell,1877,Black Beauty,1946
400,Black Beauty,Anna Sewell,1877,Courage of Black Beauty,1958
401,Black Beauty,Anna Sewell,1877,Black Beauty,1971
402,Black Beauty,Anna Sewell,1877,Black Beauty,1987
403,Black Beauty,Anna Sewell,1877,Black Beauty,1994
404,Black Beauty,Anna Sewell,1877,Black Beauty,1995
405,Black Beauty,Anna Sewell,1877,Black Beauty,2020
406,The Black Camel,Earl Derr Biggers,1929,The Black Camel,1931
407,The Black Curtain,Cornell Woolrich,1941,Street of Chance,1942
408,The Black Dahlia,James Ellroy,1987,The Black Dahlia,2006
409,Black Narcissus,Rumer Godden,1939,Black Narcissus,1947
410,The Black Path of Fear,Cornell Woolrich,1944,The Chase,1946
411,Black Rain,Masuji Ibuse,1965,Black Rain,1989
412,The Black Rose,Thomas B. Costain,1945,The Black Rose,1950
413,The Black Stallion,Walter Farley,,The Black Stallion,1979
414,The Black Stallion,Walter Farley,,The Black Stallion Returns,1983
415,The Black Stallion,Walter Farley,,The Young Black Stallion,2003
416,Black Sunday,Thomas Harris,1971,Black Sunday,1977
417,The Blackboard Jungle,Evan Hunter,1954,Blackboard Jungle,1955
418,Blackbeard's Ghost,Ben Stahl,1965,Blackbeard's Ghost,1968
419,The Blank Wall,Elisabeth Sanxay Holding,1947,The Reckless Moment,1949
420,The Blank Wall,Elisabeth Sanxay Holding,1947,The Deep End,2001
421,Blaze of Noon,Ernest K. Gann,1946,Blaze of Noon,1947
422,Le Blé en herbe,Colette,1923,Le Blé en herbe,1954
423,Le Blé en herbe,Colette,1923,Le Blé en herbe,1990
424,Bleak House,Charles Dickens,,Bleak House,1920
425,Bleak House,Charles Dickens,,Bleak House,1922
426,Bless the Beasts and Children,Glendon Swarthout,1970,Bless the Beasts & Children,1971
427,Bless the Child, Cathy Cash Spellman,1993,Bless the Child,2000
428,The Blessing,Nancy Mitford,1951,Count Your Blessings,1959
429,Blood and Chocolate,Annette Curtis Klause,1997,Blood & Chocolate,2007
430,Blood and Sand,Vicente Blasco Ibáñez,1909,Blood and Sand,1916
431,Blood and Sand,Vicente Blasco Ibáñez,1909,Blood and Sand,1922
432,Blood and Sand,Vicente Blasco Ibáñez,1909,Blood and Sand,1941
433,Blood and Sand,Vicente Blasco Ibáñez,1909,Blood and Sand,1989
434,Blood Brother,Elliott Arnold,1947,Broken Arrow,1950
435,Blood on the Moon,Luke Short,1941,Blood on the Moon,1948
436,Blood on the Moon,James Ellroy,1984,Cop,1988
437,The Blood Oranges,John Hawkes,1970,The Blood Oranges,1997
438,Blood Red Rivers,Jean-Christophe Grangé,1997,The Crimson Rivers,2000
439,Blood Red Rivers,Jean-Christophe Grangé,1997,Crimson Rivers II: Angels of the Apocalypse,2004
440,Blood Work,Michael Connelly,1998,Blood Work,2002
441,Blue Boy,Jean Giono,1932,The Baker's Wife,1938
442,Blue Fin,Colin Thiele,1969,Blue Fin,1978
443,The Blue Lagoon,Henry De Vere Stacpoole,1908,The Blue Lagoon,1923
444,The Blue Lagoon,Henry De Vere Stacpoole,1908,The Blue Lagoon,1949
445,The Blue Lagoon,Henry De Vere Stacpoole,1908,The Blue Lagoon,1980
446,The Blue Room,Georges Simenon,1964,The Blue Room,2002
447,Blueprint, Charlotte Kerner,1999,Blueprint,2003
448,The Body,Richard Sapir,1983,The Body,2001
449,The Body Snatchers,Jack Finney,1955,Invasion of the Body Snatchers,1956
450,The Body Snatchers,Jack Finney,1955,Invasion of the Body Snatchers,1978
451,The Body Snatchers,Jack Finney,1955,Body Snatchers,1993
452,The Body Snatchers,Jack Finney,1955,The Invasion,2007
453,The Body Snatchers,Jack Finney,1955,Invasion of the Pod People,2007
454,"Bomba, the Jungle Boy",Roy Rockwood,1926,"Bomba, the Jungle Boy",1949
455,The Bonfire of the Vanities,Tom Wolfe,1987,The Bonfire of the Vanities,1990
456,Bonjour Tristesse,Françoise Sagan,1954,Bonjour Tristesse,1958
457,Boogiepop and Others,Kouhei Kadono,1998,Boogiepop and Others,2000
458,The Book of Daniel,E. L. Doctorow,1971,Daniel,1983
459,The Boat,Lothar-Günther Buchheim,1973,Das Boot,1981
460,The Border Jumpers, Will C. Brown,1955,Man of the West,1958
461,The Border Legion,Zane Grey,1916,The Border Legion,1924
462,The Border Legion,Zane Grey,1916,The Last Round-Up,1934
463,Border Town, Carroll Graham,1934,Bordertown,1935
464,The Borrowers,Mary Norton,1952,The Borrowers,1973
465,The Borrowers,Mary Norton,1952,The Borrowers,1997
466,The Borrowers,Mary Norton,1952,Arrietty,2010
467,The Bostonians,Henry James,,The Bostonians,1984
468,Botchan,Natsume Sōseki,1906,Botchan,1935
469,Botchan,Natsume Sōseki,1906,Botchan,1953
470,Botchan,Natsume Sōseki,1906,Botchan,1958
471,Botchan,Natsume Sōseki,1906,Botchan,1966
472,Botchan,Natsume Sōseki,1906,Botchan,1977
473,Botchan,Natsume Sōseki,1906,Botchan,1980
474,Bourne,Robert LudlumandEric Van Lustbader,,The Bourne Identity,1988
475,Bourne,Robert LudlumandEric Van Lustbader,,The Bourne Identity,2002
476,Bourne,Robert LudlumandEric Van Lustbader,,The Bourne Supremacy,2004
477,Bourne,Robert LudlumandEric Van Lustbader,,The Bourne Ultimatum,2007
478,Bourne,Robert LudlumandEric Van Lustbader,,The Bourne Legacy,2012
479,Bourne,Robert LudlumandEric Van Lustbader,,Jason Bourne,2016
480,The Boy in the Striped Pyjamas,John Boyne,2006,The Boy in the Striped Pyjamas,2008
481,Boy on a Dolphin,David Divine,1955,Boy on a Dolphin,1957
482,The Boys from Brazil,Ira Levin,1976,The Boys from Brazil,1978
483,The Bravados,Frank O'Rourke,1958,The Bravados,1958
484,The Brave Bulls,Thomas C. Lea III,1949,The Brave Bulls,1951
485,The Brave Cowboy,Edward Abbey,1956,Lonely Are the Brave,1962
486,The Brave Little Toaster,Thomas M. Disch,1986,The Brave Little Toaster,1987
487,The Brave Little Toaster,Thomas M. Disch,1986,The Brave Little Toaster to the Rescue,1997
488,The Brave Little Toaster,Thomas M. Disch,1986,The Brave Little Toaster Goes to Mars,1998
489,The Brave Little Toaster Goes to Mars, Thomas M. Disch,1988,same as above,
490,Brave New World,Aldous Huxley,1932,Brave New World,1980
491,Brave New World,Aldous Huxley,1932,Brave New World,1998
492,Breakfast of Champions, Jr.,1973,Breakfast of Champions,1999
493,Breakfast on Pluto,Patrick McCabe,1998,Breakfast on Pluto,2005
494,Breakfast with Scot, Michael Downing,1999,Breakfast with Scot,2007
495,Breakheart Pass,Alistair MacLean,1974,Breakheart Pass,1975
496,Breaking Smith's Quarter Horse,Paul St. Pierre,1966,Smith!,1969
497,The Bride Wore Black,Cornell Woolrich,1940,The Bride Wore Black,1967
498,"Brideshead Revisited, The Sacred & Profane Memories of Captain Charles Ryder",Evelyn Waugh,1945,Brideshead Revisited,2008
499,The Bridge of San Luis Rey,Thornton Wilder,1927,The Bridge of San Luis Rey,1929
500,The Bridge of San Luis Rey,Thornton Wilder,1927,The Bridge of San Luis Rey,1944
501,The Bridge of San Luis Rey,Thornton Wilder,1927,The Bridge of San Luis Rey,2004
502,The Bridge over the River Kwai,Pierre Boulle,1952,The Bridge on the River Kwai,1957
503,Bridge to Terabithia,Katherine Paterson,1977,Bridge to Terabithia,1985
504,Bridge to Terabithia,Katherine Paterson,1977,Bridge to Terabithia,2007
505,The Bridges at Toko-Ri,James A. Michener,1953,The Bridges at Toko-Ri,1953
506,The Bridges of Madison County,Robert James Waller,1992,The Bridges of Madison County,1995
507,Bridget Jones,Helen Fielding,,Bridget Jones's Diary,2001
508,Bridget Jones,Helen Fielding,,Bridget Jones: The Edge of Reason,2004
509,Bridget Jones,Helen Fielding,,Bridget Jones's Baby,2016
510,"Bright Lights, Big City",Jay McInerney,1984,"Bright Lights, Big City",1988
511,Brighton Rock,Graham Greene,1938,Brighton Rock,1948
512,Brighton Rock,Graham Greene,1938,Brighton Rock,2010
513,Bringing Out the Dead,Joe Connelly,1998,Bringing Out the Dead,1999
514,Broken April,Ismail Kadare,1978,Abril Despedaçado,2001
515,Brothers by Blood,Ingvar Ambjørnsen,1996,Elling,2001
516,Brothers by Blood,Ingvar Ambjørnsen,1996,Mors Elling,2003
517,Brothers by Blood,Ingvar Ambjørnsen,1996,Elsk meg i morgen,2005
518,Brothers in Law,Henry Cecil,1955,Brothers in Law,1957
519,The Brothers Karamazov,Fyodor Dostoyevsky,1880,The Brothers Karamazov,1958
520,The Brothers Karamazov,Fyodor Dostoyevsky,1880,The Brothers Karamazov,1969
521,Brown's Requiem,James Ellroy,1981,Brown's Requiem,1998
522,Buddwing,Evan Hunter,1964,Mister Buddwing,1966
523,Buffalo Girls,Larry McMurtry,1990,Buffalo Girls,1995
524,Buffalo Soldiers,Robert O'Connor,1993,Buffalo Soldiers,2003
525,Bump in the Night,Isabelle Holland,1988,Bump in the Night,1991
526,The Burglar in the Closet,Lawrence Block,1978,Burglar,1987
527,The Burmese Harp,Michio Takeyama,1946,The Burmese Harp,1956
528,The Burmese Harp,Michio Takeyama,1946,The Burmese Harp,1985
529,The Burning Hills,Louis L'Amour,1956,The Burning Hills,1956
530,The Burning Shore,Wilbur Smith,1985,Burning Shore,1991
531,Burton and Speke,William Harrison,1982,Mountains of the Moon,1990
532,The Busy Body,Donald E. Westlake,1966,The Busy Body,1967
533,But Gentlemen Marry Brunettes,Anita Loos,1927,Gentlemen Marry Brunettes,1955
534,BUtterfield 8,John O'Hara,1935,BUtterfield 8,1960
535,By the Great Horn Spoon!,Sid Fleischman,1963,The Adventures of Bullwhip Griffin,1967
537,The Caine Mutiny,Herman Wouk,1952,The Caine Mutiny,1954
538,The Caine Mutiny,Herman Wouk,1952,The Caine Mutiny Court-Martial,1955
539,The Caine Mutiny,Herman Wouk,1952,The Caine Mutiny Court-Martial,1988
540,The Caine Mutiny,Herman Wouk,1952,The Caine Mutiny Court-Martial,2023
541,Cal,Bernard MacLaverty,1983,Cal,1984
542,Call for the Dead,John le Carré,1961,The Deadly Affair,1966
543,Call Me By Your Name,André Aciman,2007,Call Me By Your Name,2017
544,Call It Treason,George L. Howe,1949,Decision Before Dawn,1951
545,The Call of the Wild,Jack London,1903,The Call of the Wild,1935
546,The Call of the Wild,Jack London,1903,The Call of the Wild,1972
547,The Call of the Wild,Jack London,1903,"The Call of the Wild: Howl, Buck",1981
548,The Call of the Wild,Jack London,1903,The Call of the Wild,1993
549,The Call of the Wild,Jack London,1903,The Call of the Wild: Dog of the Yukon,1997
550,The Call of the Wild,Jack London,1903,Call of the Wild,2009
551,The Call of the Wild,Jack London,1903,The Call of the Wild,2020
552,Candy: A Novel of Love and Addiction,Luke Davies,1998,Candy,2006
553,The Canterbury Tales,Geoffrey Chaucer,,The Canterbury Tales,1972
554,Canyon Passage,Ernest Haycox,1945,Canyon Passage,1946
555,Captain Blood: His Odyssey,Rafael Sabatini,1922,Captain Blood,1924
556,Captain Blood: His Odyssey,Rafael Sabatini,1922,Captain Blood,1935
557,Captain Blood: His Odyssey,Rafael Sabatini,1922,Fortunes of Captain Blood,1950
558,Captain Blood: His Odyssey,Rafael Sabatini,1922,Captain Pirate,1952
559,Captain Blood: His Odyssey,Rafael Sabatini,1922,The Son of Captain Blood,1962
560,Captain Blood: His Odyssey,Rafael Sabatini,1922,Odyssey of Captain Blood,1991
561,The Captain's Table,Richard Gordon,1954,The Captain's Table,1959
562,The Captain's Table,Richard Gordon,1954,The Captain,1971
563,A Captive in the Land,James Aldridge,1962,A Captive in the Land,1990
564,The Card,Arnold Bennett,1911,The Card,1952
565,"Careful, He Might Hear You",Sumner Locke Elliott,1963,"Careful, He Might Hear You",1983
566,Carlito's Way,Edwin Torres,1975,Carlito's Way,1993
567,Carlito's Way,Edwin Torres,1975,Carlito's Way: Rise to Power,2005
568,The Carpetbaggers,Harold Robbins,1961,The Carpetbaggers,1964
569,The Carpetbaggers,Harold Robbins,1961,Nevada Smith,1964
570,The Carpetbaggers,Harold Robbins,1961,Nevada Smith,1975
571,Carrie,Stephen King,1974,Carrie,1976
572,Carrie,Stephen King,1974,The Rage: Carrie 2,1998
573,Carrie,Stephen King,1974,Carrie,2002
574,Carrie,Stephen King,1974,Carrie,2013
575,A Case of Need,Michael Crichton[N 16],1968,The Carey Treatment,1972
576,Case File: FBI,Gordon Gordon and Mildred Gordon[N 17],1953,Down Three Dark Streets,1954
577,Cash McCall,Cameron Hawley,1955,Cash McCall,1960
578,Casino Royale,Ian Fleming,1953,Casino Royale,1967
579,Casino Royale,Ian Fleming,1953,Casino Royale,2006
580,The Castle,Franz Kafka,1926,The Castle,1968
581,The Castle,Franz Kafka,1926,The Castle,1994
582,The Castle,Franz Kafka,1926,The Land Surveyor,1994
583,The Castle,Franz Kafka,1926,The Castle,1997
584,Cat Chaser,Elmore Leonard,1982,Cat Chaser,1989
585,The Cat That Walked by Himself,Rudyard Kipling,1902,The Cat Who Walked by Herself,1988
586,Catch-22,Joseph Heller,1961,Catch-22,1970
587,Catlow,Louis L'Amour,1963,Catlow,1971
588,The Caveman's Valentine,George Dawes Green,1994,The Caveman's Valentine,2001
589,Cell,Stephen King,2006,Cell,2016
590,The Cement Garden,Ian McEwan,1978,The Cement Garden,1993
591,A Certain Mr. Takahashi,Ann Ireland,1985,The Pianist,1991
592,La chair du maître,Dany Laferrière,1997,Heading South,2005
593,The Chamber,John Grisham,1994,The Chamber,1996
594,Charlie and the Chocolate Factory,Roald Dahl,1964,Willy Wonka & the Chocolate Factory,1971
595,Charlie and the Chocolate Factory,Roald Dahl,1964,Charlie and the Chocolate Factory,2005
596,Charlie and the Chocolate Factory,Roald Dahl,1964,Tom and Jerry: Willy Wonka and the Chocolate Factory,2017
597,Charlie and the Chocolate Factory,Roald Dahl,1964,Wonka,2023
598,Charlie Chan Carries On,Earl Derr Biggers,1930,Charlie Chan Carries On,1931
599,Charlie Chan Carries On,Earl Derr Biggers,1930,Charlie Chan's Murder Cruise,1940
600,Charlie M,Brian Freemantle,1977,Charlie Muffin,1979
601,Charlotte Gray,Sebastian Faulks,1999,Charlotte Gray,2001
602,Charlotte's Web,E. B. White,1952,Charlotte's Web,1973
603,Charlotte's Web,E. B. White,1952,Charlotte's Web 2: Wilbur's Great Adventure,2003
604,Charlotte's Web,E. B. White,1952,Charlotte's Web,2006
605,The Cheetah Girls,Deborah Gregory,,The Cheetah Girls,2003
606,The Cheetah Girls,Deborah Gregory,,The Cheetah Girls 2,2006
607,The Cheetah Girls,Deborah Gregory,,The Cheetah Girls: One World,2008
608,The Children of Light, H. L. Lawrence,1960,The Damned,1963
609,The Children of Men,P. D. James,1992,Children of Men,2006
610,Children of Pleasure, Larry Barretto,1932,The Crash,1932
611,The Children of Sanchez,Oscar Lewis,1961,The Children of Sanchez,1978
612,Children of the Covered Wagon,Mary Jane Carr,1934,Westward Ho the Wagons!,1956
613,China Seas,Crosbie Garstin,1934,China Seas,1935
614,The Chinese Parrot,Earl Derr Biggers,1926,The Chinese Parrot,1927
615,Chocolat,Joanne Harris,1999,Chocolat,2000
616,The Chocolate War,Robert Cormier,1974,The Chocolate War,1988
617,Christine,Stephen King,1983,Christine,1983
618,Christmas at Candleshoe,J. I. M. Stewart[N 18],1953,Candleshoe,1977
619,Christmas at Twenty-Nine, Kamato Toshio,2002,Singles,2003
620,A Christmas Gift,Glendon Swarthout,1977,Kelly & Dolly: A Christmas to Remember,1984
621,Christmas Holiday,W. Somerset Maugham,1939,Christmas Holiday,1944
622,The Christmas Shoes,Donna VanLiere,2002,The Christmas Shoes,2002
623,The Christmas Shoes,Donna VanLiere,2002,The Christmas Blessing,2005
624,The Christmas Shoes,Donna VanLiere,2002,The Christmas Hope,2009
625,Christopher Strong,Gilbert Frankau,1932,Christopher Strong,1933
626,The Chronicles of Narnia,C.S. Lewis,,"The Lion, the Witch and the Wardrobe",1979
627,The Chronicles of Narnia,C.S. Lewis,,"The Chronicles of Narnia: The Lion, the Witch and the Wardrobe",2005
628,The Chronicles of Narnia,C.S. Lewis,,The Chronicles of Narnia: Prince Caspian,2008
629,The Chronicles of Narnia,C.S. Lewis,,The Chronicles of Narnia: The Voyage of the Dawn Treader,2010
630,The Chronicles of Prydain,Lloyd Alexander,,The Black Cauldron,1985
631,The Cider House Rules,John Irving,1985,The Cider House Rules,1999
632,Cimarron,Edna Ferber,1929,Cimarron,1931
633,Cimarron,Edna Ferber,1929,Cimarron,1960
634,The Cincinnati Kid,Richard Jessup,1964,The Cincinnati Kid,1965
635,Cinderella Liberty,Darryl Ponicsan,1973,Cinderella Liberty,1973
636,The Circus of Dr. Lao,Charles G. Finney,1935,7 Faces of Dr. Lao,1964
637,The Citadel,A. J. Cronin,1937,The Citadel,1938
638,The City of Ember,Jeanne DuPrau,2003,City of Ember,2008
639,City of God,Paulo Lins,1997,City of God,2002
640,Clair de femme,Romain Gary,1977,Womanlight,1979
641,The Clan of the Cave Bear,Jean Auel,1980,The Clan of the Cave Bear,1986
642,The Clansman: A Historical Romance of the Ku Klux Klan, Jr.,1905,The Birth of a Nation,1915
643,The Clansman: A Historical Romance of the Ku Klux Klan, Jr.,1905,The Fall of a Nation,1916
644,Class Reunion,Franz Werfel,1928,Class Reunion,1974
645,Clean Break,Lionel White,1955,The Killing,1956
646,Clear and Present Danger,Tom Clancy,1989,Clear and Present Danger,1994
647,The Client,John Grisham,1993,The Client,1994
648,Clockers,Richard Price,1992,Clockers,1995
649,A Clockwork Orange,Anthony Burgess,1962,Vinyl,1965
650,A Clockwork Orange,Anthony Burgess,1962,A Clockwork Orange,1971
651,The Club Dumas,Arturo Pérez-Reverte,1993,The Ninth Gate,1999
652,Cockfighter,Charles Willeford,1962,Cockfighter,1974
653,Cocoon, David Saperstein,1985,Cocoon,1985
654,Cocoon, David Saperstein,1985,Cocoon: The Return,1988
655,The Code of the West,Zane Grey,1934,Code of the West,1925
656,The Code of the West,Zane Grey,1934,Code of the West,1947
657,Coins in the Fountain,John Hermes Secondari,1952,Three Coins in the Fountain,1954
658,Coins in the Fountain,John Hermes Secondari,1952,The Pleasure Seekers,1964
659,Coins in the Fountain,John Hermes Secondari,1952,Coins in the Fountain,1990
660,Cold Mountain,Charles Frazier,1997,Cold Mountain,2003
661,Colonel Wolodyjowski,Henryk Sienkiewicz,1888,Colonel Wolodyjowski,1968
662,The Color of Money,Walter Tevis,1984,The Color of Money,1986
663,The Color Purple,Alice Walker,1982,The Color Purple,1985
664,The Color Purple,Alice Walker,1982,The Color Purple,2023
665,The Colors of the Day,Romain Gary,1952,The Man Who Understood Women,1959
666,Colossus,Dennis Feltham Jones,1966,Colossus: The Forbin Project,1970
667,The Comedians,Graham Greene,1966,The Comedians,1967
668,The Comfort of Strangers,Ian McEwan,1981,The Comfort of Strangers,1990
669,Compulsion,Meyer Levin,1956,Compulsion,1959
670,Comrade Jacob,David Caute,1961,Winstanley,1975
671,Comrades: A Story of Social Adventure in California, Jr.,1909,Bolshevism on Trial,1919
672,The Constant Nymph,Margaret Kennedy,1923,The Constant Nymph,1928
673,The Constant Nymph,Margaret Kennedy,1923,The Constant Nymph,1933
674,The Constant Nymph,Margaret Kennedy,1923,The Constant Nymph,1943
675,Conagher,Louis L'Amour,1968,Conagher,1991
676,Confessions of a Crap Artist,Philip K. Dick,1975,Barjo,1992
677,Congo,Michael Crichton,1980,Congo,1995
678,A Connecticut Yankee in King Arthur's Court,Mark Twain,1889,A Connecticut Yankee in King Arthur's Court,1921
679,A Connecticut Yankee in King Arthur's Court,Mark Twain,1889,A Connecticut Yankee,1931
680,A Connecticut Yankee in King Arthur's Court,Mark Twain,1889,A Connecticut Yankee in King Arthur's Court,1949
681,A Connecticut Yankee in King Arthur's Court,Mark Twain,1889,Un español en la corte del rey Arturo,1964
682,A Connecticut Yankee in King Arthur's Court,Mark Twain,1889,A Connecticut Yankee in King Arthur's Court,1970
683,A Connecticut Yankee in King Arthur's Court,Mark Twain,1889,Unidentified Flying Oddball,1979
684,A Connecticut Yankee in King Arthur's Court,Mark Twain,1889,Novye priklyucheniya yanki pri dvore korolya Artura,1988
685,A Connecticut Yankee in King Arthur's Court,Mark Twain,1889,A Connecticut Yankee in King Arthur's Court,1989
686,A Connecticut Yankee in King Arthur's Court,Mark Twain,1889,A Kid in King Arthur's Court,1995
687,A Connecticut Yankee in King Arthur's Court,Mark Twain,1889,A Young Connecticut Yankee in King Arthur's Court,1995
688,A Connecticut Yankee in King Arthur's Court,Mark Twain,1889,A Kid in Aladdin's Palace,1998
689,A Connecticut Yankee in King Arthur's Court,Mark Twain,1889,A Knight in Camelot,1998
690,A Connecticut Yankee in King Arthur's Court,Mark Twain,1889,Black Knight,2001
691,The Constant Gardener,John le Carré,2001,The Constant Gardener,2005
692,Contact,Carl Sagan,1985,Contact,1997
693,Cool Hand Luke,Donn Pearce,1965,Cool Hand Luke,1967
694,Cops and Robbers,Donald E. Westlake,1972,Cops and Robbers,1973
695,Coroner Creek,Luke Short,1945,Coroner Creek,1948
696,The Count of Monte Cristo, père,,The Count of Monte Cristo,1913
697,The Count of Monte Cristo, père,,Monte Cristo,1922
698,The Count of Monte Cristo, père,,Monte Cristo,1929
699,The Count of Monte Cristo, père,,The Count of Monte Cristo,1934
700,The Count of Monte Cristo, père,,The Son of Monte Cristo,1940
701,The Count of Monte Cristo, père,,The Count of Monte Cristo,1943
702,The Count of Monte Cristo, père,,The Wife of Monte Cristo,1946
703,The Count of Monte Cristo, père,,The Return of Monte Cristo,1946
704,The Count of Monte Cristo, père,,Treasure of Monte Cristo,1949
705,The Count of Monte Cristo, père,,The Sword of Monte Cristo,1951
706,The Count of Monte Cristo, père,,The Count of Monte Cristo,1953
707,The Count of Monte Cristo, père,,The Count of Monte Cristo,1954
708,The Count of Monte Cristo, père,,The Count of Monte Cristo,1961
709,The Count of Monte Cristo, père,,The Treasure of Monte Cristo,1961
710,The Count of Monte Cristo, père,,The Return of Monte Cristo,1968
711,The Count of Monte Cristo, père,,The Count of Monte Cristo,1973
712,The Count of Monte Cristo, père,,The Count of Monte Cristo,1975
713,The Count of Monte Cristo, père,,Padayottam,1982
714,The Count of Monte Cristo, père,,Veta,1986
715,The Count of Monte Cristo, père,,The Prisoner of Château d'If,1988
716,The Count of Monte Cristo, père,,The Count of Monte-Cristo,1992
717,The Count of Monte Cristo, père,,The Count of Monte Cristo,1997
718,The Count of Monte Cristo, père,,The Count of Monte Cristo,2002
719,The Count of Monte Cristo, père,,The Count of Monte Cristo,2024
720,The Cowboys,William Dale Jennings,1971,The Cowboys,1972
721,Cracking India,Bapsi Sidhwa,1991,Earth,1998
722,Crash,J. G. Ballard,1973,Crash,1996
723,Creator,Jeremy Leven,1980,Creator,1985
724,The Crime of Father Amaro,José Maria de Eça de Queiroz,1875,The Crime of Padre Amaro,2002
725,The Crime of Father Amaro,José Maria de Eça de Queiroz,1875,O Crime do Padre Amaro,2005
726,Crossfire Trail,Louis L'Amour,1954,Crossfire Trail,2001
727,"Crouching Tiger, Hidden Dragon",Wang Dulu,1942,"Crouching Tiger, Hidden Dragon",2000
728,"Crouching Tiger, Hidden Dragon",Wang Dulu,1942,"Crouching Tiger, Hidden Dragon: Sword of Destiny",2016
729,The Cruel Sea,Nicholas Monsarrat,1951,The Cruel Sea,1953
730,Cry Wolf, Marjorie Carleton,1945,Cry Wolf,1947
731,Cutter and Bone,Newton Thornburg,1976,Cutter's Way,1981
732,Cyborg,Martin Caidin,1972,The Six Million Dollar Man,1973
733,Cycle of the Werewolf,Stephen King,1983,Silver Bullet,1985
734,The Cypher, Gordon Cotler,1961,Arabesque,1966
